{"_runtime":5374,"train/num_tokens":516518,"train_loss":1.5597702397240534,"_timestamp":1.7560512880246072e+09,"train/mean_token_accuracy":0.7600894050395235,"train/global_step":36,"_wandb":{"runtime":5374},"train/loss":1.5539,"_step":3,"train/grad_norm":0,"train_runtime":5449.0574,"train/learning_rate":2.0198277271976052e-05,"train/epoch":2,"total_flos":8.810953858166784e+15,"train_samples_per_second":0.105,"train_steps_per_second":0.007}